{
    "lr_mae": 0.008714237060200757,
    "lr_rmse": 0.012576179146618648,
    "xgb_mae": 0.010858912322357965,
    "xgb_rmse": 0.015072559857917497,
    "direction_acc_xgb": 0.4898785425101215
}